username,time,title,text
user1,2023-11-04T14:23:53.276207268,Title-1,cumnqnsgwpcfqvryktmmuqfcjxmplizoejuxulmqszpzcbikhydysjuwndfgckpnofvx
user2,2023-02-09T10:51:41.988781066,Title-2,ndpzrgwgusezjmykbnpwhbfwkghmpyvlawsfgpzpflpbgvpiytwonlsaaouwucfznkpifhzqlihyq
user3,2023-10-27T13:34:38.251883743,Title-3,djxebbireansjoistajzhcincquxuqumwasihzgkorlxfzjjuidscyblwncglznlvqjuzskdyb
user4,2023-10-06T14:04:04.433683647,Title-4,wojgrhlyophaipxjswlynrpvgipkpxwajnuvrnidxnwqqwhutszzpngktkznvmwiwvuumrnyqrakr
user5,2023-05-25T14:44:31.459674399,Title-5,wqkbmhlouixwtslnkagrevdetacbuxicwnpdqkgusonnwvbsrhgzmz
user1,2023-11-06T16:30:20.142592212,Title-6,ejiwfowpsrwuhxrmzmoolxcxjgzpcnucrigvzggndqjbzfcovhokcldmqzqwvxxdqupocip
user2,2023-03-04T10:45:00.720148252,Title-7,bpyqneyzczibedjbsstbeyqbtjgnnhwdywuewyyzgmyxxwkrqlfufzdlxfjqnhldcfmeniypysyh
user3,2023-09-27T01:21:27.645858530,Title-8,pfqpkfzimiwnchcedksxvqrhlmfaevtvfvorueqpcsiawjwrludwqgyjfvfhkkumrimxzpcjoysqynzeldpmgj
user4,2023-04-27T20:27:20.609488810,Title-9,hoguofetnfhhnekemelnvzxfmfbicbssunsqostixfaegwfnozfgdnxzwqksojm
user5,2023-09-27T11:37:56.269423744,Title-10,lfcrfwkyiluwujmhyctsrvfjxymjxurlcdeeelppberunhaxzkoacoymc
user1,2023-04-19T21:49:16.283649856,Title-11,jgzkbgzinbfutwthqafpjpraelewircnvqgyvyshxgwdyurzdoxpuegukcwacnubnpg
user2,2023-02-11T03:32:37.618692225,Title-12,jfcvjpsxhtsdjzmnpajlgoqswiznbtjmsekdwrriqtfkrpdjwsixpgtrvbplpbijygk
user3,2023-07-20T12:49:18.359824421,Title-13,pcggrwugmpnrhijnwoidqzdxullkkwymserhybsuemdacenccgbmfwenntppiklxfkkmoahrowxszwgiinlzrepa
user4,2023-09-07T05:56:15.949469399,Title-14,gydpycamdaowlrtoqwqsqhppbivhwfrdipdipseylelkwcdkbjol
user5,2023-11-14T02:30:28.081770340,Title-15,pwdxoobjlbuqwqjqqyezhhlanaqmhkpzmndbfiydltzgpnrkjjhlemfndytkhysoevtsicrlgqkdwiosmf
user1,2023-03-04T11:53:36.456610327,Title-16,rwhzzfdoqvoxgslzkvfgpuidhkvdaigkzrzjtyoadqlczlrkpkzmcdmdcsblwzyjfbxsvnhpybvqwmnwxj
user2,2023-09-09T16:12:51.057260849,Title-17,cppgzuezihkkyjmdxwjlwphebpolzbnecjvpfdjxyiplexuuftfnmadfbsgugfehphtrrjnrmjbdc
user3,2023-03-17T15:58:48.639284704,Title-18,bwfwrbgszkpfkuurfdnbjlwvxabexmkqdnkqkedcquhqnszrfgbhtgzsjktsqvopbenlaqgbbyiclfdtqnlncjecvex
user4,2023-05-07T15:46:13.811747564,Title-19,seepcmqrdpcdjsxyljamnvbfcnnoyckmdgautocfdttgwnehjuutfxtypbxsrrxmkylzqlufplrahysqhvalbd
user5,2023-02-05T10:12:17.117452301,Title-20,qqubvreknkdkurckjjnnyeuklcincrujamxsvhhgdiqaikruteafadmkytewlatkhkolqdjjyjdiuqilh